UPTIMENANO,P
128772807895574,1010.9781
128772907162973,1010.97125
128773008872375,1010.96106
128773106033547,1010.95935
128773205270421,1010.9581
128773307529274,1010.9496
128773404476771,1010.94464
128773503988370,1010.94824
128773606705098,1010.94995
128773703225244,1010.9574
128773802858944,1010.9664
128773903011569,1010.9615
128774001698993,1010.95514
128774101119017,1010.95374
128774202431594,1010.95734
128774299806441,1010.95404
128774399134890,1010.9528
128774499165415,1010.95996
128774597731388,1010.9635
128774697029312,1010.9635
128774797700863,1010.96545
128774895472536,1010.9675
128774994709410,1010.9733
128775095106235,1010.97504
128775193396834,1010.9728
128775292755808,1010.97614
128775392938958,1010.97784
128775491351657,1010.98694
128775590710631,1010.9904
128775691076931,1010.98914
128775789428580,1010.9999
128775888848604,1010.997
128775988085478,1011.00037
128776087505503,1011.0112
128776186925527,1011.0112
128776286192926,1011.001
128776385490851,1010.99976
128776484819300,1011.0035
128776584117866,1011.0054
128776683293690,1011.0054
128776782927390,1011.0105
128776882774765,1011.0088
128776982225314,1011.00714
128777084636792,1011.002
128777182500040,1011.0109
128777282164264,1011.0059
128777381523239,1011.0109
128777481065363,1011.013
128777580424338,1011.01984
128777679813837,1011.01465
128777779081236,1011.0182
128777879142286,1011.02155
128777978165485,1011.02155
128778077768660,1011.0271
128778177493935,1011.0327
128778276852909,1011.03784
128778376150833,1011.03235
128778475631908,1011.029
128778577921285,1011.0412
128778675294346,1011.0447
128778774653321,1011.05347
128778876423773,1011.05005
128778974195446,1011.0486
128779073829147,1011.0486
128779174256498,1011.05194
128779272302893,1011.0486
128779371783968,1011.05005
128779472089218,1011.05707
128779570837692,1011.0587
128779670501917,1011.0586
128779770379817,1011.0639
128779869982992,1011.06555
128779969830367,1011.06934
128780069372492,1011.0746
128780169067241,1011.0778
128780267937814,1011.0835
128780367388364,1011.08124
128780466747338,1011.083
128780566594713,1011.0796
128780665519618,1011.083
128780764909117,1011.0863
128780867564795,1011.088
128780964145991,1011.09656
128781063901792,1011.1037
128781163596543,1011.1055
128781262619740,1011.10724
128781362009239,1011.1123
128781461276638,1011.1174
128781560849288,1011.1225
128781660574563,1011.1225
128781759689337,1011.12933
128781858926211,1011.13434
128781958926211,1011.13605
128782058590436,1011.1416
128782158224135,1011.13824
128782257491535,1011.1326
128782357216809,1011.13654
128782456575784,1011.13824
128782556178958,1011.1518
128782657399960,1011.1586
128782754616042,1011.1671
128782854219216,1011.1722
128782954982343,1011.17053
128783053456092,1011.17896
128783153272941,1011.1843
128783254768667,1011.1843
128783351685639,1011.18945
128783451227763,1011.19293
128783551655114,1011.1963
128783650189912,1011.2048
128783749487837,1011.2152
128783848785761,1011.21857
128783948724711,1011.2166
128784048449986,1011.21326
128784147931060,1011.2166
128784247625811,1011.20984
128784347015309,1011.2116
128784446496384,1011.21356
128784545977458,1011.2118
128784645244857,1011.2116
128784744878198,1011.2116
128784844542423,1011.21454
128784944298222,1011.21454
128785043870873,1011.21295
128785143535098,1011.2214
128785242924597,1011.21796
128785341673070,1011.21796
128785440909944,1011.21967
128785540207868,1011.2208
128785639475268,1011.2192
128785738925817,1011.22644
128785838651092,1011.23193
128785938254267,1011.22675
128786037918492,1011.2218
128786137582717,1011.2234
128786237338518,1011.2302
128786336148039,1011.23865
128786435629114,1011.2472
128786535232288,1011.25055
128786634713363,1011.2556
128786734436512,1011.2624
128786834192311,1011.2658
128786933856536,1011.2708
128787036176439,1011.2705
128787133246036,1011.274
128787232910261,1011.27936
128787334772287,1011.278
128787430651408,1011.2847
128787530712458,1011.28625
128787633429186,1011.28784
128787730040907,1011.29663
128787829735658,1011.29803
128787930804035,1011.3068
128788029613560,1011.3068
128788129216735,1011.3034
128788230498788,1011.3068
128788328178880,1011.3068
128788427598905,1011.3051
128788527629430,1011.3085
128788626164228,1011.3048
128788725523203,1011.31195
128788825340053,1011.31866
128788924424302,1011.3239
128789023508551,1011.33234
128789122531750,1011.33734
128789222073874,1011.33734
128789321339805,1011.339
128789420759829,1011.3429
128789519935653,1011.3444
128789619294627,1011.3513
128789719111477,1011.3496
128789818043101,1011.3534
128789917493651,1011.35175
128790016822100,1011.3483
128790116058974,1011.3466
128790215448474,1011.35516
128790315051648,1011.35175
128790414257997,1011.3569
128790513525397,1011.3564
128790612792796,1011.3631
128790712365446,1011.36816
128790811541270,1011.3704
128790911052869,1011.3754
128791010015018,1011.37726
128791109343468,1011.384
128791208610867,1011.3818
128791308119402,1011.3852
128791407325752,1011.3852
128791506989976,1011.3907
128791606196325,1011.3907
128791705463725,1011.3941
128791804975324,1011.3958
128791904242723,1011.39764
128792003449073,1011.39764
128792102960672,1011.4013
128792202716473,1011.39764
128792301831246,1011.4013
128792401037595,1011.40295
128792500640770,1011.4099
128792600060794,1011.4133
128792699267143,1011.41675
128792798565068,1011.4219
128792898198767,1011.42523
128792997801942,1011.4286
128793097496693,1011.43365
128793197191442,1011.4371
128793296000965,1011.44055
128793395357429,1011.44214
128793494838503,1011.44055
128793594197477,1011.4439
128793693678552,1011.44727
128793793556452,1011.4512
128793893129101,1011.43585
128793992762802,1011.4258
128794093495403,1011.42694
128794192182826,1011.43585
128794291022874,1011.43207
128794391786000,1011.4393
128794489954498,1011.44434
128794589099797,1011.446
128794689710298,1011.44434
128794787878796,1011.4354
128794887543021,1011.42395
128794987420922,1011.4172
128795086871471,1011.42224
128795186566222,1011.4273
128795286260969,1011.4342
128795384736573,1011.43805
128795484309222,1011.4382
128795583759772,1011.44147
128795682935596,1011.4432
128795782660871,1011.4501
128795882264046,1011.4348
128795981897747,1011.42786
128796081623022,1011.4331
128796181226197,1011.4399
128796279883093,1011.43646
128796379272592,1011.4454
128796478906292,1011.4454
128796578326317,1011.4437
128796677532666,1011.451
128796777135840,1011.4425
128796876311664,1011.44745
128796981561970,1011.4437
128797077532666,1011.4454
128797174907513,1011.4454
128797274174912,1011.4437
128797373690175,1011.4454
128797473323876,1011.44574
128797572865999,1011.4487
128797672041823,1011.45044
128797771522898,1011.4454
128797871217647,1011.44574
128797970881872,1011.44574
128798070637673,1011.44745
128798170149272,1011.4441
128798269416671,1011.44745
128798368531445,1011.451
128798468165144,1011.45435
128798567340969,1011.45215
128798666669418,1011.45593
128798766150492,1011.45544
128798865784193,1011.4624
128798965417894,1011.4696
128799067798847,1011.4747
128799164837920,1011.48145
128799264593721,1011.4764
128799366181017,1011.4782
128799462391378,1011.4799
128799561750352,1011.47974
128799664283929,1011.48145
128799760437776,1011.47974
128799859949375,1011.4782
128799961536677,1011.47644
128800059308350,1011.482
128800159033625,1011.48254
128800261445102,1011.4842
128800357476848,1011.48944
128800456683197,1011.49805
128800559094674,1011.505
128800655309570,1011.4997
128800754821170,1011.5013
128800856866347,1011.50305
128800953539119,1011.5068
128801052806518,1011.5101
128801154393820,1011.5118
128801251341317,1011.5085
128801350669766,1011.5015
128801451428111,1011.505
128801549657659,1011.5068
128801648925058,1011.514
128801749688184,1011.5174
128801848375608,1011.51794
128801947978783,1011.51965
128802047520908,1011.5213
128802147368283,1011.51965
128802246635682,1011.523
128802346605156,1011.5281
128802445384155,1011.5332
128802544346304,1011.5332
128802643583178,1011.5384
128802743186352,1011.54553
128802842911627,1011.5438
128802942453752,1011.5438
128803042148501,1011.54553
128803141843252,1011.54895
128803241660103,1011.5506
128803340194899,1011.5574
128803439767549,1011.5574
128803539213206,1011.5574
128803638694281,1011.56305
128803737931155,1011.55396
128803836832254,1011.5613
128803936740679,1011.56805
128804037106979,1011.56805
128804135763878,1011.5767
128804235275477,1011.5783
128804342693060,1011.58185
128804434329202,1011.58734
128804533596601,1011.58905
128804633169250,1011.5822
128804732864001,1011.5827
128804832528226,1011.59296
128804932741901,1011.59296
128805031826150,1011.59125
128805131520901,1011.5929
128805232589278,1011.58954
128805329964122,1011.598
128805429292571,1011.598
128805529842019,1011.60144
128805628132617,1011.61035
128805727338967,1011.61035
128805828498918,1011.6176
128805926270590,1011.6159
128806025995865,1011.6109
128806125873766,1011.61615
128806225446417,1011.61774
128806324133838,1011.6195
128806424408564,1011.62115
128806522912837,1011.6318
128806622271811,1011.6318
128806722485487,1011.6318
128806820959235,1011.63354
128806920592935,1011.63354
128807020165584,1011.639
128807120043485,1011.6424
128807219677186,1011.6407
128807319127733,1011.64404
128807417845682,1011.64795
128807517541178,1011.64966
128807616900152,1011.65485
128807716228601,1011.6581
128807820715781,1011.6582
128807915251800,1011.6599
128808014549725,1011.66156
128808114000274,1011.665
128808213633974,1011.6778
128808312535073,1011.67566
128808412077197,1011.674
128808511436172,1011.67566
128808611894047,1011.6723
128808711161446,1011.66724
128808810489896,1011.6655
128808910795147,1011.66754
128809010337272,1011.666
128809110032021,1011.6677
128809209757296,1011.66754
128809308353144,1011.67456
128809407528968,1011.6779
128809506945400,1011.6817
128809606670675,1011.68677
128809705815974,1011.6881
128809805113898,1011.6885
128809904381298,1011.6915
128810004014997,1011.69696
128810103099246,1011.7004
128810202488746,1011.7009
128810302152970,1011.7012
128810401359320,1011.7012
128810500748819,1011.70483
128810600596194,1011.70624
128810700290943,1011.70624
128810802122446,1011.71466
128810899619395,1011.71136
128810999375196,1011.71497
128811100382523,1011.71844
128811198856272,1011.72015
128811297360541,1011.71844
128811399344668,1011.7206
128811496261639,1011.7239
128811595712189,1011.72723
128811696110540,1011.73065
128811795042165,1011.7358
128811894675866,1011.74274
128811994614817,1011.75507
128812094095892,1011.75684
128812193821167,1011.7495
128812294309564,1011.7512
128812392111761,1011.75793
128812491409686,1011.7601
128812590768660,1011.76575
128812690219209,1011.7623
128812789883434,1011.7623
128812889547659,1011.76575
128812989181358,1011.77966
128813088906633,1011.7867
128813188540334,1011.77655
128813287319332,1011.7749
128813386525681,1011.7838
128813485854130,1011.7872
128813585243629,1011.7872
128813685121529,1011.7927
128813784539892,1011.78766
128813884204117,1011.78937
128813983898868,1011.7946
128814083471519,1011.79614
128814183196794,1011.7963
128814282372615,1011.7946
128814381701064,1011.79803
128814481334764,1011.80524
128814580815838,1011.80865
128814680510588,1011.8104
128814779930612,1011.8123
128814880998988,1011.8174
128814979289587,1011.81067
128815078923288,1011.816
128815179411689,1011.8143
128815277427560,1011.8164
128815376756009,1011.8199
128815477244409,1011.8249
128815575412908,1011.82874
128815674710832,1011.82874
128815775046499,1011.82874
128815874039174,1011.83545
128815973764449,1011.83887
128816073672874,1011.8458
128816173184473,1011.856
128816271902421,1011.85944
128816371536121,1011.8614
128816471017195,1011.8614
128816570681420,1011.8649
128816670681420,1011.87164
128816769185693,1011.8698
128816868147842,1011.87164
128816968269942,1011.8738
128817066682641,1011.8636
128817166133190,1011.8466
128817265736365,1011.8298
128817364729039,1011.8299
128817464088013,1011.8229
128817563385938,1011.8281
128817662653337,1011.8281
128817761859686,1011.8281
128817861310236,1011.8252
128817960394485,1011.8202
128818059692409,1011.8337
128818159112433,1011.8287
128818258197819,1011.83765
128818357373644,1011.8207
128818456702093,1011.8189
128818556091592,1011.82764
128818655389517,1011.83105
128818755053741,1011.8209
128818854229565,1011.8244
128818954687441,1011.83466
128819054351666,1011.8391
128819153741165,1011.8545
128819253100139,1011.8358
128819352550689,1011.82733
128819452459114,1011.82764
128819551390738,1011.831
128819650932862,1011.83606
128819750413937,1011.8327
128819849989019,1011.82227
128819949744820,1011.8293
128820049409045,1011.8299
128820153468874,1011.8299
128820248676445,1011.83496
128820348004892,1011.8316
128820447455442,1011.8316
128820546875466,1011.84015
128820646387066,1011.8418
128820746112340,1011.8508
128820845623941,1011.85254
128820945227116,1011.86005
128821047089143,1011.86005
128821144616616,1011.8673
128821243914541,1011.8673
128821345776565,1011.8658
128821442479862,1011.8673
128821541777786,1011.8673
128821644952389,1011.8669
128821740343110,1011.8686
128821839763134,1011.86523
128821941686211,1011.86914
128822038236882,1011.8708
128822137656907,1011.86914
128822238694758,1011.8708
128822336346115,1011.8746
128822435705089,1011.8801
128822537872366,1011.87683
128822634178837,1011.8785
128822733537812,1011.8801
128822835857714,1011.88873
128822932225235,1011.887
128823031584210,1011.8955
128823133507287,1011.8955
128823230180058,1011.8976
128823329569558,1011.9017
128823431340010,1011.89465
128823528165406,1011.89496
128823627554906,1011.90344
128823728104356,1011.90906
128823826242329,1011.9055
128823925906554,1011.9055
128824031675785,1011.9123
128824125418154,1011.9144
128824225082379,1011.911
128824325017370,1011.9195
128824423582694,1011.9192
128824522758518,1011.9276
128824622758518,1011.9314
128824721568042,1011.9382
128824821232266,1011.9331
128824920896491,1011.9348
128825020591242,1011.9417
128825120255467,1011.9353
128825219980742,1011.92975
128825318637639,1011.9365
128825417935563,1011.94714
128825517508213,1011.954
128825616928237,1011.9562
128825716226161,1011.968
128825815646186,1011.968
128825915371461,1011.968
128826015127260,1011.9749
128826114791485,1011.97473
128826214455710,1011.9784
128826313142515,1011.98553
128826412532015,1011.9838
128826511829939,1011.9838
128826611219438,1011.9906
128826710242637,1011.9965
128826809754237,1011.9911
128826909021636,1012.0051
128827008472186,1012.0051
128827107831160,1012.0118
128827207220659,1012.02026
128827306488059,1012.02545
128827405785983,1012.0325
128827505938608,1012.03296
128827604503932,1012.03125
128827703985006,1012.03467
128827803130305,1012.03467
128827902611380,1012.0363
128828001634579,1012.0431
128828101054603,1012.05
128828200291477,1012.05536
128828300199902,1012.0522
128828399096882,1012.0522
128828498639007,1012.0487
128828597906406,1012.05426
128828697265380,1012.06067
128828796929605,1012.0729
128828896319105,1012.0802
128828995739129,1012.0835
128829094640228,1012.07324
128829193968677,1012.0769
128829296258054,1012.0718
128829393571852,1012.0701
128829492839251,1012.0718
128829593907627,1012.0718
128829691557200,1012.0718
128829790763549,1012.0684
128829891801400,1012.07214
128829989573073,1012.07214
128830088809947,1012.07733
128830189664648,1012.0824
128830287466846,1012.08966
128830386890330,1012.093
128830487531356,1012.1035
128830585547229,1012.10175
128830685150403,1012.1021
128830786371405,1012.1021
128830883837827,1012.1111
128830983196801,1012.12335
128831084112552,1012.12836
128831181792650,1012.1315
128831281090574,1012.14386
128831381731600,1012.14734
128831479747473,1012.14386
128831578984347,1012.14386
128831679350648,1012.1494
128831777824396,1012.1477
128831877091795,1012.1545
128831977183370,1012.1528
128832075931844,1012.16125
128832175046618,1012.1636
128832274985568,1012.16003
128832373736046,1012.16003
128832472972920,1012.16364
128832572820295,1012.16364
128832671782444,1012.1687
128832771355094,1012.17596
128832871629819,1012.1848
128832970317243,1012.195
128833069676217,1012.1981
128833169248866,1012.1967
128833268394166,1012.1953
128833367753140,1012.1953
128833467203689,1012.19867
128833566562664,1012.197
128833666013213,1012.19354
128833765402713,1012.1902
128833865127987,1012.1886
128833964792212,1012.19354
128834064425913,1012.197
128834164242762,1012.2007
128834263113335,1012.20966
128834362471720,1012.213
128834461708594,1012.2199
128834561067568,1012.2216
128834660426543,1012.2199
128834759877092,1012.2234
128834859266591,1012.22723
128834958808716,1012.2345
128835058503466,1012.23615
128835157862440,1012.24695
128835257374040,1012.24
128835356824589,1012.24524
128835456214088,1012.2468
128835555847788,1012.2485
128835654901512,1012.252
128835754260486,1012.2486
128835853955236,1012.2486
128835953619461,1012.2525
128836053314212,1012.249
128836153008961,1012.2525
128836252123734,1012.25586
128836351513234,1012.263
128836451082603,1012.263
128836550258427,1012.26154
128836649861602,1012.2649
128836749251101,1012.27045
128836848976376,1012.27386
128836950777353,1012.2755
128837048304826,1012.26874
128837148060625,1012.2777
128837250014227,1012.285
128837346473324,1012.2867
128837445954398,1012.2867
128837546778574,1012.285
128837644763922,1012.2888
128837744306047,1012.2888
128837844611298,1012.2941
128837943726073,1012.30304
128838043451348,1012.3014
128838143146097,1012.2997
128838242566122,1012.29803
128838341467219,1012.29803
128838441223018,1012.2963
128838540003433,1012.2997
128838639392933,1012.2967
128838739820283,1012.3019
128838838324557,1012.2984
128838938080356,1012.30383
128839037775107,1012.30554
128839137073032,1012.30725
128839237347759,1012.3143
128839335882554,1012.31946
128839435913079,1012.3284
128839535424679,1012.32495
128839634844703,1012.3284
128839734142627,1012.3304
128839833684752,1012.3202
128839933471077,1012.31006
128840033104776,1012.31177
128840132769001,1012.3101
128840232494276,1012.3106
128840331212224,1012.3139
128840430632249,1012.3106
128840530235680,1012.3106
128840629625180,1012.31226
128840729258879,1012.3229
128840828831529,1012.32074
128840928495754,1012.3179
128841029869381,1012.3009
128841128037880,1012.2994
128841227610531,1012.3049
128841328801004,1012.3117
128841425321151,1012.31006
128841524558025,1012.312
128841625779026,1012.3088
128841722940198,1012.3126
128841822451798,1012.3161
128841923733849,1012.3042
128842020925546,1012.3059
128842120253995,1012.3059
128842221139221,1012.29395
128842319246669,1012.2974
128842418849844,1012.3064
128842519368770,1012.3064
128842617410147,1012.31165
128842716982796,1012.3083
128842817196471,1012.3065
128842916219670,1012.3029
128843016067045,1012.3048
128843115700746,1012.3103
128843215487071,1012.30695
128843313991343,1012.31067
128843413563993,1012.3192
128843512709292,1012.323
128843611854591,1012.32465
128843711366191,1012.32465
128843810999890,1012.32996
128843910633591,1012.3338
128844010297816,1012.339
128844109992565,1012.3393
128844209595740,1012.3393
128844308527363,1012.3428
128844407855812,1012.3428
128844507338217,1012.3428
128844606971916,1012.3411
128844706056165,1012.3417
128844805231989,1012.34216
128844904652014,1012.3371
128845004285713,1012.3405
128845104041514,1012.3372
128845203675215,1012.3427
128845302484737,1012.3443
128845401782661,1012.35284
128845501141635,1012.358
128845600714285,1012.3613
128845700164834,1012.3636
128845799768009,1012.3636
128845899493284,1012.3567
128845999096459,1012.3601
128846098699634,1012.35333
128846198424909,1012.3636
128846296959706,1012.3636
128846396349206,1012.36914
128846495921855,1012.3636
128846602026861,1012.36914
128846695129242,1012.37256
128846794885043,1012.36914
128846894762944,1012.3763
128846994305069,1012.38184
128847093999818,1012.3854
128847195800795,1012.3871
128847292595665,1012.382
128847391954639,1012.3933
128847493602991,1012.391
128847590916788,1012.3949
128847690184187,1012.3983
128847792351465,1012.40356
128847889085286,1012.4005
128847988718987,1012.40106
128848089756838,1012.3993
128848188077961,1012.39777
128848288047435,1012.4067
128848388535836,1012.41516
128848486093833,1012.41187
128848585635958,1012.4185
128848686708688,1012.424
128848784022485,1012.4189
128848883350935,1012.41724
128848983930910,1012.42255
128849081977308,1012.42975
128849181336283,1012.42975
128849281733108,1012.42633
128849379962656,1012.42285
128849479291105,1012.4213
128849578711130,1012.42633
128849677978529,1012.42975
128849777368029,1012.4331
128849878375355,1012.4388
128849976238602,1012.4409
128850075597577,1012.446
128850175750202,1012.44934
128850274254475,1012.446
128850373613450,1012.4494
128850474193425,1012.4545
128850572392449,1012.45795
128850671891883,1012.4613
128850771739258,1012.4664
128850870670882,1012.4771
128850969968806,1012.48047
128851069449881,1012.4844
128851168625705,1012.4861
128851267984679,1012.4844
128851367374179,1012.48956
128851466488953,1012.4963
128851565756352,1012.50366
128851665206901,1012.50696
128851764321676,1012.5158
128851864291151,1012.5158
128851964169050,1012.51404
128852063863800,1012.52264
128852163528025,1012.53296
128852263497500,1012.5381
128852362398599,1012.5378
128852461910198,1012.54156
128852561696523,1012.53644
128852660719722,1012.5398
128852759961708,1012.5419
128852859534358,1012.55035
128852959320683,1012.5593
128853059015432,1012.5663
128853158679657,1012.57007
128853258038631,1012.57733
128853357519706,1012.58075
128853456939730,1012.5824
128853556481855,1012.58746
128853658130206,1012.5824
128853755779779,1012.5757
128853855291378,1012.5824
128853958588083,1012.58026
128854055016654,1012.58075
128854154558779,1012.5824
128854254650354,1012.58746
128854352971476,1012.5914
128854452208350,1012.58795
128854552055725,1012.59155
128854651384175,1012.5899
128854750529937,1012.5954
128854850285736,1012.592
128854949492086,1012.5975
128855049186835,1012.5903
128855148728960,1012.592
128855247660584,1012.5954
128855347141658,1012.5971
128855446958508,1012.60425
128855546805883,1012.60956
128855646531158,1012.6078
128855746164857,1012.61334
128855845859608,1012.615
128855945615409,1012.6201
128856045218584,1012.632
128856144882809,1012.63574
128856244516510,1012.6449
128856343264979,1012.64703
128856442715529,1012.6522
128856542318704,1012.6608
128856641586103,1012.6608
128856740943112,1012.6608
128856840302087,1012.65906
128856939477911,1012.6596
128857039966311,1012.65735
128857139966311,1012.66296
128857239325286,1012.65576
128857338897935,1012.65045
128857440943112,1012.64703
128857537890609,1012.65906
128857636913808,1012.6659
128857738531635,1012.6659
128857836486458,1012.6659
128857936150683,1012.6714
128858037219060,1012.66925
128858135418085,1012.6731
128858235112834,1012.6842
128858336578033,1012.6842
128858432762404,1012.6824
128858532457154,1012.6842
128858632853979,1012.68933
128858731327728,1012.69147
128858830628026,1012.69366
128858930658551,1012.699
128859030017526,1012.699
128859129651227,1012.6956
128859229254402,1012.69037
128859328155498,1012.6976
128859427941823,1012.6959
128859528369174,1012.7015
128859627270272,1012.7051
128859726507147,1012.7135
128859826629248,1012.7219
128859926934499,1012.72534
128860026171374,1012.7203
128860125774549,1012.7241
128860225438774,1012.72974
128860324156719,1012.728
128860423515694,1012.7263
128860523393594,1012.7263
128860623790419,1012.7247
128860723454644,1012.728
128860822937892,1012.7349
128860922998942,1012.7365
128861022235817,1012.74225
128861121869518,1012.74896
128861223823121,1012.74896
128861320770615,1012.7434
128861420190639,1012.74725
128861520404315,1012.7579
128861618969638,1012.7562
128861718450713,1012.7618
128861818939113,1012.76013
128861917931787,1012.7655
128862018084412,1012.764
128862117443387,1012.7679
128862216680261,1012.7679
128862316130810,1012.76624
128862416497111,1012.7713
128862516771836,1012.77295
128862616527636,1012.77655
128862715885384,1012.77527
128862815580135,1012.76294
128862915305410,1012.7511
128863014908585,1012.74133
128863114572810,1012.75146
128863214267559,1012.7532
128863312832881,1012.7596
128863412252905,1012.76337
128863512832881,1012.7532
128863612588681,1012.7588
128863712100280,1012.76385
128863814084407,1012.757
128863911520306,1012.7644
128864011215055,1012.7563
128864112680258,1012.74615
128864210604557,1012.7495
128864309627753,1012.7529
128864411550830,1012.7563
128864509291977,1012.758
128864609383554,1012.7666
128864710360354,1012.7666
128864808864627,1012.76843
128864908776373,1012.7706
128865013477228,1012.76715
128865108226923,1012.7604
128865207921674,1012.7523
128865306822771,1012.75903
128865406273320,1012.76245
128865506792246,1012.7663
128865606700671,1012.77155
128865706242795,1012.7766
128865805723870,1012.77325
128865905449145,1012.7788
128866005113370,1012.7791
128866106364897,1012.78076
128866204533396,1012.7791
128866303495543,1012.76544
128866404655494,1012.7621
128866503129242,1012.75214
128866602671367,1012.7559
128866703251342,1012.7576
128866801850808,1012.7679
128866901576083,1012.7696
128867001179258,1012.7582
128867100965583,1012.7685
128867200629808,1012.7673
128867300477182,1012.7685
128867398706730,1012.77026
128867499195130,1012.77576
128867598493055,1012.7741
128867698370955,1012.7707
128867798035180,1012.77277
128867897668881,1012.77277
128867997333106,1012.7707
128868097088905,1012.76935
128868196661556,1012.77466
128868295471077,1012.77466
128868395623702,1012.77124
128868494555326,1012.7768
128868594585851,1012.7785
128868694219550,1012.77386
128868793734725,1012.77167
128868893490526,1012.779
128868993368427,1012.7757
128869092941076,1012.77386
128869192666351,1012.77216
128869294955726,1012.77606
128869390865372,1012.7722
128869489949621,1012.7688
128869592544249,1012.77435
128869688728620,1012.77435
128869788453895,1012.76764
128869890285396,1012.7697
128869986744493,1012.77185
128870085554017,1012.7668
128870188698095,1012.76495
128870284760366,1012.77185
128870383936190,1012.77545
128870485950842,1012.7792
128870582959389,1012.78253
128870682318364,1012.78436
128870784271965,1012.79156
128870881066837,1012.7933
128870980822637,1012.7985
128871081492471,1012.7985
128871180301994,1012.7985
128871279264143,1012.7985
128871379783069,1012.8058
128871478287342,1012.8058
128871577951567,1012.8095
128871678623118,1012.8075
128871776303215,1012.81256
128871875906390,1012.8143
128871975936915,1012.8143
128872075173790,1012.8176
128872174960115,1012.81805
128872278501018,1012.8164
128872373617013,1012.8199
128872472884412,1012.8251
128872572975987,1012.8251
128872671968661,1012.82874
128872772792837,1012.8268
128872872029711,1012.83264
128872971419211,1012.82874
128873071051475,1012.82874
128873170685176,1012.8276
128873270074674,1012.8361
128873369097873,1012.83453
128873468212647,1012.8383
128873567449522,1012.8435
128873666655871,1012.84546
128873766289570,1012.8439
128873865953795,1012.85114
128873965648546,1012.8545
128874065251721,1012.85614
128874164976996,1012.86456
128874264030718,1012.86304
128874363237067,1012.87335
128874462626567,1012.87366
128874561985541,1012.872
128874661436091,1012.8717
128874760917165,1012.872
128874861068439,1012.87933
128874960183214,1012.89124
128875059847439,1012.8946
128875160488466,1012.89294
128875258656962,1012.8997
128875358229611,1012.8986
128875459236937,1012.90027
128875556886510,1012.90375
128875656398110,1012.9088
128875757283335,1012.9122
128875854810808,1012.91724
128875954352933,1012.91724
128876055085533,1012.91907
128876152796156,1012.9245
128876251910930,1012.91724
128876352704581,1012.9227
128876450659404,1012.92615
128876549957328,1012.921
128876649837351,1012.91925
128876748982650,1012.92285
128876848677401,1012.9301
128876948463726,1012.9353
128877048036375,1012.93695
128877147700600,1012.93646
128877247334301,1012.94037
128877346052247,1012.95074
128877445350172,1012.9526
128877545105971,1012.9596
128877644037595,1012.9596
128877743427095,1012.9664
128877843091319,1012.96466
128877942786070,1012.96295
128878042419771,1012.97546
128878142083996,1012.972
128878241961897,1012.9758
128878340191441,1012.97046
128878439336741,1012.97046
128878539000965,1012.972
128878638115739,1012.9775
128878737627339,1012.9831
128878837291563,1012.99
128878937047364,1012.99316
128879036711589,1012.9928
128879136436864,1013.0035
128879244280962,1013.0104
128879335245553,1013.012
128879435001353,1013.0159
128879535001353,1013.0193
128879639061182,1013.0176
128879734360328,1013.0232
128879834909779,1013.03
128879933749828,1013.0403
128880033383529,1013.0441
128880135184506,1013.0406
128880232559355,1013.0406
128880331307825,1013.03925
128880433871927,1013.0428
128880530300498,1013.0462
128880629689998,1013.0458
128880731459496,1013.04443
128880829048019,1013.0512
128880928681720,1013.0599
128881028895395,1013.0689
128881128010170,1013.0723
128881227735445,1013.06726
128881328254367,1013.0639
128881426056565,1013.0587
128881525629215,1013.0587
128881625262914,1013.0659
128881724560839,1013.071
128881823889288,1013.0695
128881923187212,1013.0695
128882022943013,1013.0766
128882122637764,1013.0835
128882222332515,1013.07965
128882321416761,1013.08685
128882420806260,1013.0902
128882520775735,1013.0988
128882619829459,1013.0988
128882719280008,1013.097
128882818669508,1013.1059
128882918089532,1013.1111
128883019554734,1013.12177
128883116807481,1013.1288
128883216196980,1013.1253
128883315710395,1013.13086
128883415038844,1013.1342
128883514611494,1013.1325
128883613939943,1013.1346
128883713146292,1013.1295
128883812902092,1013.1342
128883912077916,1013.1325
128884011497941,1013.13965
128884111101115,1013.1381
128884210734815,1013.1454
128884309910639,1013.1454
128884409239088,1013.1505
128884508323338,1013.142
128884607773887,1013.1442
128884707316012,1013.1442
128884806980237,1013.1493
128884906613938,1013.1596
128885006217113,1013.163
128885107865466,1013.168
128885205667665,1013.1716
128885304446659,1013.1736
128885406188682,1013.1716
128885503227754,1013.17664
128885602647779,1013.1853
128885703563530,1013.1871
128885801487828,1013.1871
128885900663652,1013.1853
128886001548878,1013.1837
128886099167925,1013.1875
128886198557425,1013.18945
128886299351076,1013.1928
128886397183798,1013.1928
128886496298572,1013.19794
128886597183798,1013.20465
128886695260721,1013.2115
128886795047046,1013.2115
128886894955471,1013.2132
128886994375496,1013.21716
128887094100771,1013.21716
128887193673422,1013.21375
128887292635569,1013.2193
128887392086118,1013.22644
128887492328900,1013.2281
128887591840499,1013.2298
128887691443674,1013.22833
128887790863698,1013.21344
128887890253197,1013.21857
128887989520597,1013.222
128888089215346,1013.2258
128888188665896,1013.238
128888287994345,1013.2464
128888387231219,1013.23615
128888486407044,1013.2277
128888586040743,1013.22943
128888685582868,1013.23615
128888785277617,1013.245
128888884941842,1013.2399
128888984575543,1013.2132
128889084239768,1013.2132
128889183965043,1013.2132
128889282499840,1013.2183
128889381980914,1013.2115
128889481553564,1013.21497
128889580912867,1013.2133
128889680454992,1013.21045
128889780119216,1013.2037
128889879783441,1013.2019
128889979417142,1013.2037
128890079295041,1013.194
128890178837166,1013.1719
128890277524589,1013.17694
128890377036188,1013.1927
128890476578313,1013.19434
128890576944613,1013.2012
128890679050840,1013.2012
128890776120437,1013.19226
128890875784662,1013.20795
128890976944613,1013.2153
128891075357312,1013.2204
128891174960487,1013.2241
128891279050840,1013.2331
128891373861585,1013.2247
128891473312135,1013.2298
128891573975937,1013.23663
128891672083385,1013.2404
128891771778135,1013.24005
128891871533936,1013.23706
128891971106585,1013.2404
128892070831860,1013.2475
128892170373985,1013.2496
128892269397183,1013.25006
128892369000357,1013.2484
128892468603532,1013.2467
128892567901456,1013.2433
128892667290955,1013.24536
128892766619405,1013.2436
128892866405730,1013.2348
128892965978379,1013.2386
128893065612080,1013.2403
128893165337355,1013.2386
128893264299504,1013.24194
128893362986926,1013.2392
128893462376426,1013.2375
128893562070407,1013.2392
128893661215706,1013.23956
128893760849406,1013.24146
128893860238905,1013.2363
128893959933655,1013.23804
128894059658930,1013.24475
128894159567355,1013.24817
128894259201054,1013.257
128894357766378,1013.2588
128894457155877,1013.26044
128894556606427,1013.2656
128894656056976,1013.266
128894757461128,1013.25757
128894854530725,1013.2577
128894954317050,1013.25934
128895060757831,1013.2565
128895153859174,1013.2623
128895253096048,1013.2691
128895353920224,1013.2727
128895452332923,1013.271
128895552912898,1013.26764
128895653283435,1013.2727
128895751940334,1013.27484
128895851543509,1013.29407
128895951146684,1013.3025
128896050871959,1013.3059
128896150597234,1013.2936
128896249681482,1013.3025
128896349132031,1013.30426
128896448460481,1013.3145
128896548704681,1013.3145
128896647453155,1013.3268
128896746720554,1013.3268
128896846659504,1013.3268
128896947147904,1013.334
128897046293203,1013.3374
128897145774278,1013.3478
128897245011152,1013.3443
128897344309077,1013.34485
128897443668051,1013.341
128897543210175,1013.352
128897642906706,1013.3555
128897742479357,1013.36224
128897842448832,1013.3623
128897942754083,1013.3658
128898041655182,1013.36914
128898141349933,1013.3798
128898242998284,1013.3725
128898339396328,1013.3781
128898438663727,1013.38153
128898540373129,1013.38544
128898637778501,1013.3905
128898737381676,1013.39764
128898838053226,1013.40643
128898936130149,1013.4067
128899035397549,1013.39624
128899136923800,1013.3982
128899234756523,1013.3999
128899334207072,1013.4033
128899434970198,1013.4123
128899533230271,1013.41406
128899632925021,1013.4175
128899733355749,1013.4192
128899832226322,1013.4192
128899931982123,1013.4162
128900031524248,1013.41583
128900131218997,1013.4214
128900230944272,1013.41974
128900330089570,1013.41974
128900428807519,1013.41797
128900528349644,1013.4147
128900628013868,1013.41125
128900727678093,1013.4147
128900827342318,1013.42365
128900927006543,1013.42865
128901026701294,1013.43207
128901126396045,1013.43207
128901225999220,1013.43756
128901324411915,1013.4478
128901423709839,1013.4517
128901522946713,1013.4551
128901622488838,1013.45844
128901721878337,1013.45844
128901821537764,1013.4569
128901921171463,1013.4569
128902024590268,1013.45575
128902120560965,1013.45746
128902220286240,1013.4506
128902325902843,1013.46124
128902424407117,1013.4753
128902518759986,1013.48035
128902620011512,1013.48157
128902717447410,1013.482
128902816989534,1013.4783
128902917569510,1013.47943
128903016409559,1013.4855
128903116043258,1013.48724
128903215921159,1013.4923
128903314761207,1013.49805
128903413967556,1013.49457
128903513723356,1013.5001
128903612990755,1013.4997
128903712349730,1013.5082
128903812349730,1013.5098
128903910670853,1013.5154
128904010457178,1013.5154
128904111189778,1013.5119
128904210151927,1013.5103
128904309572340,1013.5171
128904409847065,1013.521
128904509480765,1013.52435
128904609053414,1013.5294
128904708656589,1013.53296
128904808381864,1013.5435
128904908046089,1013.5435
128905007649264,1013.5435
128905107374539,1013.5435
128905207069288,1013.55054
128905305665136,1013.55035
128905404932535,1013.55554
128905504566235,1013.5488
128905603864159,1013.5578
128905703131558,1013.5646
128905802796242,1013.5663
128905902460467,1013.5663
128906002094166,1013.57336
128906101972067,1013.5716
128906201636292,1013.5751
128906300384765,1013.57855
128906399804789,1013.57855
128906499255338,1013.5843
128906599041663,1013.5915
128906701147890,1013.595
128906798614313,1013.595
128906898309064,1013.6021
128906998858515,1013.6075
128907097637514,1013.6091
128907197301739,1013.60394
128907298614313,1013.6134
128907395256559,1013.6169
128907494462909,1013.6186
128907595073409,1013.6218
128907693577683,1013.62537
128907792692457,1013.63055
128907892902140,1013.6441
128907991925339,1013.64966
128908091681140,1013.64966
128908191497991,1013.6552
128908290795916,1013.6518
128908389758062,1013.65485
128908489117036,1013.6619
128908588262335,1013.66364
128908687743410,1013.6586
128908788384436,1013.657
128908886400309,1013.6609
128908985667708,1013.6694
128909085606658,1013.6745
128909184263556,1013.68134
128909283653056,1013.68524
128909383256230,1013.68677
128909482340480,1013.68524
128909581607879,1013.69196
128909680814228,1013.6868
128909780325828,1013.6886
128909879471127,1013.6868
128909979654277,1013.6886
128910078005925,1013.69037
128910177425950,1013.68896
128910277242799,1013.6923
128910375927755,1013.6929
128910475195154,1013.6963
128910575164629,1013.6945
128910674035203,1013.68945
128910773363653,1013.686
128910873852053,1013.6916
128910971745826,1013.6865
128911071715301,1013.6831
128911170738500,1013.6528
128911270311150,1013.65643
128911369639599,1013.6515
128911469120673,1013.65686
128911568418598,1013.66394
128911667838622,1013.6603
128911767502847,1013.6501
128911866770246,1013.65515
128911966464996,1013.65686
128912065823970,1013.6655
128912165152419,1013.6673
128912264450344,1013.6554
128912363745437,1013.64734
128912463134936,1013.6388
128912562432861,1013.6423
128912661608685,1013.6547
128912761272909,1013.6564
128912860448734,1013.6479
128912959563508,1013.6515
128913059014057,1013.65485
128913158311982,1013.6666
128913257701481,1013.6789
128913356938355,1013.68567
128913456388905,1013.6619
128913555992079,1013.65515
128913655320529,1013.66364
128913755076328,1013.667
128913854557403,1013.6738
128913954435304,1013.6744
128914054038477,1013.6709
128914153122726,1013.6675
128914252817476,1013.6625
128914354862540,1013.6659
128914451993187,1013.6625
128914551657412,1013.6555
128914652603688,1013.6522
128914750192210,1013.6421
128914849764860,1013.6456
128914950131160,1013.65076
128915048299659,1013.649
128915147567058,1013.6405
128915249856435,1013.64264
128915346590257,1013.646
128915445918706,1013.65204
128915546834457,1013.6463
128915644514555,1013.65027
128915743781954,1013.65027
128915844667180,1013.6418
128915942347278,1013.63837
128916041858877,1013.6419
128916142713578,1013.6402
128916240882076,1013.6385
128916340027375,1013.6281
128916440857166,1013.6267
128916538628839,1013.6339
128916637987813,1013.6339
128916738628839,1013.63257
128916836522612,1013.624
128916935790011,1013.6225
